Tool,Level,Hst,Pval,FDRp
HMS,Species,1.4524647887323954,0.2281328677481335,1.0
HMS,Genus,0.006524317912224573,0.9356222819645114,1.0
HMS,Family,0.12865497076024238,0.7198307076577637,1.0
