Tool,Level,Hst,Pval,FDRp
HMS,Species,0.4251207729468658,0.5143928747389915,1.0
HMS,Genus,0.32198327359618206,0.5704182008554013,1.0
HMS,Family,0.416075650118209,0.5189017424108684,1.0
